,teamID,franchID,name,city,state,primary_franchise,Active1,BS1,BNA,Boston Red Stockings,Boston,MA,Boston Red Stockings,NA2,CH1,CNA,Chicago White Stockings,Chicago,IL,Chicago White Stockings (defunct),NA3,CL1,CFC,Cleveland Forest Citys,Cleveland,OH,Cleveland Forest Citys,NA4,FW1,KEK,Fort Wayne Kekiongas,Fort Wayne,IN,Fort Wayne Kekiongas,NA5,NY2,NNA,New York Mutuals,New York,NY,New York Mutuals,NA6,PH1,PNA,Philadelphia Athletics,Philadelphia,PA,Philadelphia Athletics (defunct),NA7,RC1,ROK,Rockford Forest Citys,Rockford,IL,Rockford Forest Citys,NA8,TRO,TRO,Troy Haymakers,Troy,NY,Troy Haymakers,NA9,WS3,OLY,Washington Olympics,Washington DC,DC,Washington Olympics,NA10,BL1,BLC,Baltimore Canaries,Baltimore,MD,Baltimore Canaries,NA11,BR1,ECK,Brooklyn Eckfords,Brooklyn,NY,Brooklyn Eckfords,NA12,BR2,BRA,Brooklyn Atlantics,Brooklyn,NY,Brooklyn Atlantics,NA13,MID,MAN,Middletown Mansfields,Middletown,CT,Middletown Mansfields,NA14,WS4,NAT,Washington Nationals,Washington DC,DC,Washington Nationals (defunct),NA15,BL4,MAR,Baltimore Marylands,Baltimore,MD,Baltimore Marylands,NA16,ELI,RES,Elizabeth Resolutes,Elizabeth,NJ,Elizabeth Resolutes,NA17,PH2,PWS,Philadelphia Whites,Philadelphia,PA,Philadelphia Whites,NA18,WS5,WBL,Washington Blue Legs,Washington DC,DC,Washington Blue Legs,NA19,CH2,CNA,Chicago White Stockings,Chicago,IL,Chicago White Stockings (defunct),NA20,HR1,HNA,Hartford Dark Blues,Hartford,CT,Hartford Dark Blues,NA21,KEO,WES,Keokuk Westerns,Keokuk,IA,Keokuk Westerns,NA22,NH1,NHV,New Haven Elm Citys,New Haven,CT,New Haven Elm Citys,NA23,PH3,CEN,Philadelphia Centennials,Philadelphia,PA,Philadelphia Centennials,NA24,SL1,SLR,St. Louis Red Stockings,St. Louis,MO,St. Louis Red Stockings,NA25,SL2,SNA,St. Louis Brown Stockings,St. Louis,MO,St. Louis Brown Stockings,NA26,WS6,WNT,Washington Nationals,Washington DC,DC,Washington Nationals (defunct),NA27,BSN,ATL,Boston Red Caps,Boston,MA,Atlanta Braves,Y28,CHN,CHC,Chicago White Stockings,Chicago,IL,Chicago Cubs,Y29,CN1,CNR,Cincinnati Reds,Cincinnati,OH,Cincinnati Reds (defunct),N30,HAR,HAR,Hartford Dark Blues,Hartford,CT,Hartford Dark Blues,N31,LS1,LGR,Louisville Grays,Louisville,KY,Louisville Grays,N32,NY3,NYU,New York Mutuals,New York,NY,New York Mutuals,N33,PHN,ATH,Philadelphia Athletics,Philadelphia,PA,"Philadelphia Athletics (original, defunct)",N34,SL3,SBS,St. Louis Brown Stockings,St. Louis,MO,St. Louis Brown Stockings,N35,IN1,IBL,Indianapolis Blues,Indianapolis,IN,Indianapolis Blues,N36,ML2,MLG,Milwaukee Grays,Milwaukee,WI,Milwaukee Grays,N37,PRO,PRO,Providence Grays,Providence,RI,Providence Grays,N38,BFN,BUF,Buffalo Bisons,Buffalo,NY,Buffalo Bisons,N39,CL2,CBL,Cleveland Blues,Cleveland,OH,Cleveland Blues,N40,SR1,SYR,Syracuse Stars,Syracuse,NY,Syracuse Stars,N41,TRN,TRT,Troy Trojans,Troy,NY,Troy Trojans,N42,WOR,WOR,Worcester Ruby Legs,Worcester,MA,Worcester Ruby Legs,N43,DTN,DTN,Detroit Wolverines,Detroit,MI,Detroit Wolverines,N44,BL2,BLO,Baltimore Orioles,Baltimore,MD,Baltimore Orioles (defunct),N45,CN2,CIN,Cincinnati Red Stockings,Cincinnati,OH,Cincinnati Reds,Y46,LS2,LOU,Louisville Eclipse,Louisville,KY,Louisville Colonels,N47,PH4,PHA,Philadelphia Athletics,Philadelphia,PA,Philadelphia Athletics (defunct),N48,PT1,PIT,Pittsburg Alleghenys,Pittsburgh,PA,Pittsburg Alleghenys,Y49,SL4,STL,St. Louis Brown Stockings,St. Louis,MO,St. Louis Cardinals,Y50,CL5,CBK,Columbus Buckeyes,Columbus,OH,Columbus Buckeyes,N51,NY4,NYP,New York Metropolitans,New York,NY,New York Metropolitans (defunct),N52,NY1,SFG,New York Gothams,New York,NY,San Francisco Giants,Y53,PHI,PHI,Philadelphia Quakers,Philadelphia,PA,Philadelphia Quakers,Y54,BR3,LAD,Brooklyn Atlantics,Brooklyn,NY,Los Angeles Dodgers,Y55,IN2,IHO,Indianapolis Hoosiers,Indianapolis,IN,Indianapolis Hoosiers,N56,RIC,RIC,Richmond Virginians,Richmond,VA,Richmond Virginians,N57,TL1,TOL,Toledo Blue Stockings,Toledo,OH,Toledo Blue Stockings,N58,WS7,WST,Washington Nationals,Washington DC,DC,Washington Nationals (defunct),N59,ALT,ALT,Altoona Mountain City,Altoona,PA,Altoona Mountain City,N60,BLU,BLU,Baltimore Monumentals,Baltimore,MD,Baltimore Monumentals,N61,BSU,BRD,Boston Reds,Boston,MA,Boston Reds (defunct),N62,CHU,CPI,Chicago/Pittsburgh (Union League),Chicago,IL,Chicago/Pittsburgh (Union League),N63,CNU,COR,Cincinnati Outlaw Reds,Cincinnati,OH,Cincinnati Outlaw Reds,N64,KCU,KCU,Kansas City Cowboys,Kansas City,MO,Kansas City Cowboys,N65,MLU,MLU,Milwaukee Brewers,Milwaukee,WI,Milwaukee Brewers (defunct),N66,PHU,PHK,Philadelphia Keystones,Philadelphia,PA,Philadelphia Keystones,N67,SLU,SLM,St. Louis Maroons,St. Louis,MO,St. Louis Maroons,N68,SPU,STP,St. Paul White Caps,St. Paul,MN,St. Paul White Caps,N69,WIL,WIL,Wilmington Quicksteps,Wilmington,DE,Wilmington Quicksteps,N70,WSU,WNA,Washington Nationals,Washington DC,DC,Washington Nationals (defunct),N71,SL5,SLM,St. Louis Maroons,St. Louis,MO,St. Louis Maroons,N72,KCN,KCN,Kansas City Cowboys,Kansas City,MO,Kansas City Cowboys,N73,WS8,WNL,Washington Nationals,Washington DC,DC,Washington Nationals (defunct),N74,CL3,CLV,Cleveland Blues,Cleveland,OH,Cleveland Spiders,N75,IN3,IND,Indianapolis Hoosiers,Indianapolis,IN,Indianapolis Hoosiers,N76,PIT,PIT,Pittsburg Alleghenys,Pittsburgh,PA,Pittsburg Alleghenys,Y77,KC2,KCC,Kansas City Cowboys,Kansas City,MO,Kansas City Cowboys,N78,CL6,CLS,Columbus Solons,Columbus,OH,Columbus Solons,N79,CL4,CLV,Cleveland Spiders,Cleveland,OH,Cleveland Spiders,N80,BL3,BLO,Baltimore Orioles,Baltimore,MD,Baltimore Orioles (defunct),N81,BR4,BRG,Brooklyn Gladiators,Brooklyn,NY,Brooklyn Gladiators,N82,RC2,ROC,Rochester Broncos,Rochester,NY,Rochester Broncos,N83,SR2,SYS,Syracuse Stars,Syracuse,NY,Syracuse Stars,N84,TL2,TLM,Toledo Maumees,Toledo,OH,Toledo Maumees,N85,BRO,LAD,Brooklyn Dodgers,Brooklyn,NY,Los Angeles Dodgers,Y86,CIN,CIN,Cincinnati Reds,Cincinnati,OH,Cincinnati Reds,Y87,BFP,BFB,Buffalo Bisons,Buffalo,NY,Buffalo Bisons,N88,BRP,BWW,Brooklyn Ward's Wonders,Brooklyn,NY,Brooklyn Ward's Wonders,N89,BSP,BRS,Boston Reds,Boston,MA,Boston Reds (defunct),N90,CHP,CHP,Chicago Pirates,Chicago,IL,Chicago Pirates,N91,CLP,CLI,Cleveland Infants,Cleveland,OH,Cleveland Infants,N92,NYP,NYI,New York Giants,New York,NY,New York Giants (defunct),N93,PHP,PHQ,Philadelphia Athletics,Philadelphia,PA,Philadelphia Athletics (defunct),N94,PTP,PBB,Pittsburgh Burghers,Pittsburgh,PA,Pittsburgh Burghers,N95,BS2,BRS,Boston Reds,Boston,MA,Boston Reds (defunct),N96,CN3,CKK,Cincinnati Kelly's Killers,Cincinnati,OH,Cincinnati Kelly's Killers,N97,ML3,MLA,Milwaukee Brewers,Milwaukee,WI,Milwaukee Brewers (defunct),N98,WS9,WAS,Washington Statesmen,Washington DC,DC,Washington Senators,N99,BLN,BLO,Baltimore Orioles,Baltimore,MD,Baltimore Orioles (defunct),N100,LS3,LOU,Louisville Colonels,Louisville,KY,Louisville Colonels,N101,SLN,STL,St. Louis Browns,St. Louis,MO,St. Louis Cardinals,Y102,WSN,WAS,Washington Senators,Washington DC,DC,Washington Senators,N103,BLA,NYY,Baltimore Orioles,Baltimore,MD,New York Yankees,Y104,BOS,BOS,Boston Red Sox,Boston,MA,Boston Red Sox,Y105,CHA,CHW,Chicago White Sox,Chicago,IL,Chicago White Sox,Y106,CLE,CLE,Cleveland Blues,Cleveland,OH,Cleveland Blues,Y107,DET,DET,Detroit Tigers,Detroit,MI,Detroit Tigers,Y108,MLA,BAL,Milwaukee Brewers,Milwaukee,WI,Baltimore Orioles,Y109,PHA,OAK,Philadelphia Athletics,Philadelphia,PA,Oakland Athletics,Y110,WS1,MIN,Washington Senators,Washington DC,DC,Minnesota Twins,Y111,SLA,BAL,St. Louis Browns,St. Louis,MO,Baltimore Orioles,Y112,NYA,NYY,New York Highlanders,New York,NY,New York Yankees,Y113,BLF,BLT,Baltimore Terrapins,Baltimore,MD,Baltimore Terrapins,N114,BRF,BTT,Brooklyn Tip-Tops,Brooklyn,NY,Brooklyn Tip-Tops,N115,BUF,BFL,Buffalo Buffeds,Buffalo,NY,Buffalo Buffeds,N116,CHF,CHH,Chicago Chi-Feds,Chicago,IL,Chicago Chi-Feds,N117,IND,NEW,Indianapolis Hoosiers,Indianapolis,IN,Newark Pepper,N118,KCF,KCP,Kansas City Packers,Kansas City,MO,Kansas City Packers,N119,PTF,PBS,Pittsburgh Rebels,Pittsburgh,PA,Pittsburgh Rebels,N120,SLF,SLI,St. Louis Terriers,St. Louis,MO,St. Louis Terriers,N121,NEW,NEW,Newark Pepper,Newark,NJ,Newark Pepper,N122,ML1,ATL,Milwaukee Braves,Milwaukee,WI,Atlanta Braves,Y123,BAL,BAL,Baltimore Orioles,Baltimore,MD,Baltimore Orioles,Y124,KC1,OAK,Kansas City Athletics,Kansas City,MO,Oakland Athletics,Y125,LAN,LAD,Los Angeles Dodgers,Los Angeles,CA,Los Angeles Dodgers,Y126,SFN,SFG,San Francisco Giants,San Francisco,CA,San Francisco Giants,Y127,LAA,ANA,Los Angeles Angels,Anaheim,CA,Los Angeles Angels,Y128,MIN,MIN,Minnesota Twins,Minneapolis,MN,Minnesota Twins,Y129,WS2,TEX,Washington Senators,Washington DC,DC,Texas Rangers,Y130,HOU,HOU,Houston Colt .45's,Houston,TX,Houston Colt .45's,Y131,NYN,NYM,New York Mets,New York,NY,New York Mets,Y132,CAL,ANA,California Angels,Anaheim,CA,Los Angeles Angels,Y133,ATL,ATL,Atlanta Braves,Atlanta,GA,Atlanta Braves,Y134,OAK,OAK,Oakland Athletics,Oakland,CA,Oakland Athletics,Y135,KCA,KCR,Kansas City Royals,Kansas City,MO,Kansas City Royals,Y136,SE1,MIL,Seattle Pilots,Seattle,WA,Milwaukee Brewers,Y137,MON,WSN,Montreal Expos,Montreal,QC,Washington Nationals,Y138,SDN,SDP,San Diego Padres,San Diego,CA,San Diego Padres,Y139,ML4,MIL,Milwaukee Brewers,Milwaukee,WI,Milwaukee Brewers,Y140,TEX,TEX,Texas Rangers,Arlington,TX,Texas Rangers,Y141,SEA,SEA,Seattle Mariners,Seattle,WA,Seattle Mariners,Y142,TOR,TOR,Toronto Blue Jays,Toronto,ON,Toronto Blue Jays,Y143,COL,COL,Colorado Rockies,Denver,CO,Colorado Rockies,Y144,FLO,FLA,Florida Marlins,Miami,FL,Florida Marlins,Y145,ANA,ANA,Anaheim Angels,Anaheim,CA,Los Angeles Angels,Y146,TBA,TBD,Tampa Bay Devil Rays,Tampa,FL,Tampa Bay Devil Rays,Y147,ARI,ARI,Arizona Diamondbacks,Phoenix,AZ,Arizona Diamondbacks,Y148,MIL,MIL,Milwaukee Brewers,Milwaukee,WI,Milwaukee Brewers,Y149,WAS,WSN,Washington Nationals,Washington DC,DC,Washington Nationals,Y